[
  {
    "paciente_id": "34d74df9-7b15-4c7d-8017-f487d2c31385",
    "data_nascimento": "1982-06-21T09:42:18.087Z",
    "nome": "Calvin Carvalho",
    "email": "calvin_carvalho@gmail.com",
    "telefone": "+55 (80) 5848-5826",
    "status": true
  },
  {
    "paciente_id": "3c504a10-6c35-44d2-b4db-22df89110f1c",
    "data_nascimento": "1930-06-24T01:45:12.012Z",
    "nome": "Amy Albuquerque",
    "email": "amy_albuquerque@gmail.com",
    "telefone": "+55 (99) 8198-9379",
    "status": true
  },
  {
    "paciente_id": "7775251f-bcbd-41db-a374-65c328ebe852",
    "data_nascimento": "1903-08-01T19:37:33.087Z",
    "nome": "Jonathon Pereira",
    "email": "jonathon_pereira@gmail.com",
    "telefone": "+55 (62) 7271-4865",
    "status": true
  },
  {
    "paciente_id": "36e8201d-ef5f-4664-ae59-0a5c4b389123",
    "data_nascimento": "1921-10-08T06:01:07.214Z",
    "nome": "Timmy Moreira",
    "email": "timmy_moreira@gmail.com",
    "telefone": "+55 (21) 9489-3433",
    "status": true
  },
  {
    "paciente_id": "427a1cb9-5d53-4143-b639-e67bcce319cb",
    "data_nascimento": "1922-10-04T03:02:54.631Z",
    "nome": "Ian Franco",
    "email": "ian_franco@gmail.com",
    "telefone": "+55 (89) 0195-2559",
    "status": true
  },
  {
    "paciente_id": "6a4c486f-d21a-4ab0-a449-275524c231da",
    "data_nascimento": "1900-02-06T20:44:22.869Z",
    "nome": "Gary Martins",
    "email": "gary_martins@gmail.com",
    "telefone": "+55 (02) 9833-0293",
    "status": true
  },
  {
    "paciente_id": "d4d9a3a4-966a-49e0-be1c-e922125ae5af",
    "data_nascimento": "1952-05-16T21:20:52.642Z",
    "nome": "Margie Braga Filho",
    "email": "margie_braga filho@gmail.com",
    "telefone": "+55 (04) 8791-4679",
    "status": true
  },
  {
    "paciente_id": "d4f5a2c9-e34d-45df-bca7-dae0b66cce44",
    "data_nascimento": "1958-06-30T04:45:06.239Z",
    "nome": "Terrence Reis",
    "email": "terrence_reis@gmail.com",
    "telefone": "+55 (57) 9550-6784",
    "status": true
  },
  {
    "paciente_id": "a18083aa-6461-4952-bfa3-95e44a1a1005",
    "data_nascimento": "1946-04-16T19:54:09.199Z",
    "nome": "Lynda Albuquerque",
    "email": "lynda_albuquerque@gmail.com",
    "telefone": "+55 (74) 2265-4624",
    "status": true
  },
  {
    "paciente_id": "853b667b-49d9-4168-902e-fce572d5acf5",
    "data_nascimento": "1950-04-13T05:09:55.506Z",
    "nome": "Muriel Xavier Jr.",
    "email": "muriel_xavier jr.@gmail.com",
    "telefone": "+55 (67) 8586-0262",
    "status": true
  },
  {
    "paciente_id": "2fbf7efe-2317-4e56-a072-c4bb055761a6",
    "data_nascimento": "1974-11-17T21:16:07.793Z",
    "nome": "Carrie Costa",
    "email": "carrie_costa@gmail.com",
    "telefone": "+55 (45) 1256-9278",
    "status": true
  },
  {
    "paciente_id": "065be255-3eb1-4590-86e8-b4610c1857d5",
    "data_nascimento": "2002-07-30T02:23:40.094Z",
    "nome": "Marion Moraes",
    "email": "marion_moraes@gmail.com",
    "telefone": "+55 (19) 9606-9494",
    "status": true
  },
  {
    "paciente_id": "35b6d022-fb68-470b-99db-5b0ffe1f1a59",
    "data_nascimento": "1930-11-10T18:30:02.968Z",
    "nome": "Alexandra Barros",
    "email": "alexandra_barros@gmail.com",
    "telefone": "+55 (03) 3472-1553",
    "status": true
  },
  {
    "paciente_id": "6049ffef-3070-4f4d-8bd0-6823687f7f4e",
    "data_nascimento": "1912-06-08T17:34:18.819Z",
    "nome": "Leo Santos",
    "email": "leo_santos@gmail.com",
    "telefone": "+55 (43) 5130-8495",
    "status": true
  },
  {
    "paciente_id": "086ed169-37d0-44ba-94ad-f98ca98169f7",
    "data_nascimento": "1943-12-30T16:17:24.043Z",
    "nome": "Claudia Reis",
    "email": "claudia_reis@gmail.com",
    "telefone": "+55 (87) 5990-6142",
    "status": true
  },
  {
    "paciente_id": "1c0dd916-51a4-4f52-b867-81d311e21bfc",
    "data_nascimento": "1977-08-17T17:04:12.734Z",
    "nome": "Neil Carvalho",
    "email": "neil_carvalho@gmail.com",
    "telefone": "+55 (46) 3739-1767",
    "status": true
  },
  {
    "paciente_id": "4f3e7688-443e-43e7-b741-9e22b72941ea",
    "data_nascimento": "1905-01-10T16:36:06.264Z",
    "nome": "Eunice Carvalho",
    "email": "eunice_carvalho@gmail.com",
    "telefone": "+55 (51) 8502-1105",
    "status": true
  },
  {
    "paciente_id": "6c334140-9044-47c9-b07d-6f624aed032c",
    "data_nascimento": "2018-11-20T20:32:37.024Z",
    "nome": "Latoya Saraiva",
    "email": "latoya_saraiva@gmail.com",
    "telefone": "+55 (94) 9843-4100",
    "status": true
  },
  {
    "paciente_id": "bcf8af0c-e5e2-4837-919d-dba2f1207362",
    "data_nascimento": "1960-06-10T05:50:55.576Z",
    "nome": "Noel Moraes Jr.",
    "email": "noel_moraes jr.@gmail.com",
    "telefone": "+55 (96) 5100-0109",
    "status": true
  },
  {
    "paciente_id": "08696ae3-475e-41c9-b868-e02a73517bed",
    "data_nascimento": "1963-08-23T04:31:29.042Z",
    "nome": "Saul Xavier Jr.",
    "email": "saul_xavier jr.@gmail.com",
    "telefone": "+55 (26) 6108-9138",
    "status": true
  },
  {
    "paciente_id": "7c6b322a-3ed5-4e1b-81a8-2b9642fe5efd",
    "data_nascimento": "1992-02-09T14:02:43.434Z",
    "nome": "Jaime Xavier",
    "email": "jaime_xavier@gmail.com",
    "telefone": "+55 (64) 5333-4240",
    "status": true
  },
  {
    "paciente_id": "5f6ffbf5-1b80-4af5-82a6-88320b35cf8b",
    "data_nascimento": "1941-11-05T01:56:31.975Z",
    "nome": "Michael Silva",
    "email": "michael_silva@gmail.com",
    "telefone": "+55 (14) 5737-3616",
    "status": true
  },
  {
    "paciente_id": "5176ffbc-9725-49c4-9a58-bf6e52f9e3c8",
    "data_nascimento": "1926-03-20T19:03:55.347Z",
    "nome": "Tommy Albuquerque",
    "email": "tommy_albuquerque@gmail.com",
    "telefone": "+55 (14) 0039-2728",
    "status": true
  },
  {
    "paciente_id": "cad13804-d666-45ee-b0f4-52d9750a4411",
    "data_nascimento": "2001-04-30T12:50:12.635Z",
    "nome": "Jon Reis",
    "email": "jon_reis@gmail.com",
    "telefone": "+55 (06) 9960-1909",
    "status": true
  },
  {
    "paciente_id": "d781f938-b424-4fa6-84c3-47b742a1dc62",
    "data_nascimento": "2004-04-04T14:33:53.273Z",
    "nome": "Beulah Melo Neto",
    "email": "beulah_melo neto@gmail.com",
    "telefone": "+55 (33) 5432-5697",
    "status": true
  },
  {
    "paciente_id": "7eb44f8f-1dbb-4006-834c-5d94a23ef1da",
    "data_nascimento": "2005-10-19T15:18:15.689Z",
    "nome": "Vernon Santos",
    "email": "vernon_santos@gmail.com",
    "telefone": "+55 (19) 7516-8570",
    "status": true
  },
  {
    "paciente_id": "7b1121de-3cea-4b7b-9e21-c7428e68b039",
    "data_nascimento": "2008-08-21T17:28:44.676Z",
    "nome": "Dr. Wendy Batista",
    "email": "dr_wendy batista@gmail.com",
    "telefone": "+55 (92) 9073-8650",
    "status": true
  },
  {
    "paciente_id": "e53e845d-9c77-473c-a6b9-e1c8abcecd0a",
    "data_nascimento": "1937-12-13T05:15:26.659Z",
    "nome": "Jean Carvalho",
    "email": "jean_carvalho@gmail.com",
    "telefone": "+55 (71) 0432-5213",
    "status": true
  },
  {
    "paciente_id": "69bf11a4-b088-4307-931b-700b63fe5641",
    "data_nascimento": "1982-05-15T09:49:10.804Z",
    "nome": "Victor Batista",
    "email": "victor_batista@gmail.com",
    "telefone": "+55 (11) 2697-0523",
    "status": true
  },
  {
    "paciente_id": "bb68ed48-2163-4b91-b638-000c48ba756d",
    "data_nascimento": "1930-01-13T16:17:21.706Z",
    "nome": "Marilyn Barros",
    "email": "marilyn_barros@gmail.com",
    "telefone": "+55 (51) 3781-5284",
    "status": true
  },
  {
    "paciente_id": "aeadec29-f172-42cf-8cf9-2f57c6d9911a",
    "data_nascimento": "1932-11-17T13:33:05.365Z",
    "nome": "Everett Moreira",
    "email": "everett_moreira@gmail.com",
    "telefone": "+55 (19) 1377-7810",
    "status": true
  },
  {
    "paciente_id": "fb93e1c1-3790-47ea-a23a-1dd5f15821f6",
    "data_nascimento": "1921-05-21T12:21:08.161Z",
    "nome": "Albert Melo",
    "email": "albert_melo@gmail.com",
    "telefone": "+55 (62) 4698-3942",
    "status": true
  },
  {
    "paciente_id": "69fa9dde-200a-4710-827e-f6d59f174bb3",
    "data_nascimento": "1956-07-24T18:35:21.716Z",
    "nome": "Nick Barros",
    "email": "nick_barros@gmail.com",
    "telefone": "+55 (54) 9521-7840",
    "status": true
  },
  {
    "paciente_id": "986e83fc-ee4c-4abe-bb78-cd56e19d8691",
    "data_nascimento": "1950-04-16T03:21:39.929Z",
    "nome": "Dr. Dennis Costa",
    "email": "dr_dennis costa@gmail.com",
    "telefone": "+55 (74) 8143-6210",
    "status": true
  },
  {
    "paciente_id": "b4587cae-fde4-4589-96d1-c39ff9147053",
    "data_nascimento": "1976-01-20T16:27:42.717Z",
    "nome": "Sra. Miguel Melo",
    "email": "sra_miguel melo@gmail.com",
    "telefone": "+55 (40) 5301-1598",
    "status": true
  },
  {
    "paciente_id": "d73da18d-b709-4e01-9f54-9e3bfe41c190",
    "data_nascimento": "1935-09-05T10:54:57.967Z",
    "nome": "Timothy Santos",
    "email": "timothy_santos@gmail.com",
    "telefone": "+55 (50) 1073-7057",
    "status": true
  },
  {
    "paciente_id": "8ca7b7c9-2ee2-4eb6-9778-3927bcf08d6d",
    "data_nascimento": "1950-07-07T09:27:26.003Z",
    "nome": "Jessie Souza",
    "email": "jessie_souza@gmail.com",
    "telefone": "+55 (78) 3832-5666",
    "status": true
  },
  {
    "paciente_id": "0747b3ae-6982-49f1-8261-34f236885431",
    "data_nascimento": "1955-10-30T03:31:17.804Z",
    "nome": "Sra. Tasha Santos",
    "email": "sra_tasha santos@gmail.com",
    "telefone": "+55 (19) 8104-8387",
    "status": true
  },
  {
    "paciente_id": "fd415acb-0bd4-4de4-891e-ad4377396539",
    "data_nascimento": "1988-07-13T17:04:29.464Z",
    "nome": "Dianna Santos Jr.",
    "email": "dianna_santos jr.@gmail.com",
    "telefone": "+55 (66) 6373-4121",
    "status": true
  },
  {
    "paciente_id": "47738edd-4f73-43ef-99d3-805ccfca6020",
    "data_nascimento": "1968-10-28T20:53:29.346Z",
    "nome": "Sr. Darryl Xavier",
    "email": "sr_darryl xavier@gmail.com",
    "telefone": "+55 (07) 6716-2419",
    "status": true
  },
  {
    "paciente_id": "962911b5-676e-4770-a255-d98fa0750ea9",
    "data_nascimento": "1938-02-10T01:26:26.232Z",
    "nome": "Jeremy Melo",
    "email": "jeremy_melo@gmail.com",
    "telefone": "+55 (63) 1261-6821",
    "status": true
  },
  {
    "paciente_id": "fb192d72-2872-4d0a-a500-6f03305ae0ec",
    "data_nascimento": "2014-02-22T18:00:24.016Z",
    "nome": "Marc Martins Jr.",
    "email": "marc_martins jr.@gmail.com",
    "telefone": "+55 (57) 0754-1107",
    "status": true
  },
  {
    "paciente_id": "c3240519-d330-4eb8-9c85-379887acd379",
    "data_nascimento": "1924-01-22T18:46:37.693Z",
    "nome": "Marcella Moreira",
    "email": "marcella_moreira@gmail.com",
    "telefone": "+55 (88) 2978-3919",
    "status": true
  },
  {
    "paciente_id": "4dce6794-d58c-4ac5-a7dd-e31cb3d5af8b",
    "data_nascimento": "1967-03-23T09:23:07.979Z",
    "nome": "Ismael Pereira",
    "email": "ismael_pereira@gmail.com",
    "telefone": "+55 (64) 0451-8910",
    "status": true
  },
  {
    "paciente_id": "5433e669-1fe2-4c9e-8d9d-d186072605ce",
    "data_nascimento": "2015-04-18T07:15:10.289Z",
    "nome": "Samantha Carvalho",
    "email": "samantha_carvalho@gmail.com",
    "telefone": "+55 (28) 5310-5040",
    "status": true
  },
  {
    "paciente_id": "3b32e86e-d3c8-49b0-ac07-eef4d6d6ef4e",
    "data_nascimento": "1966-01-17T10:16:06.396Z",
    "nome": "Wallace Braga",
    "email": "wallace_braga@gmail.com",
    "telefone": "+55 (49) 5371-4643",
    "status": true
  },
  {
    "paciente_id": "7909942f-dec7-4f04-a6ac-27b3dd06e748",
    "data_nascimento": "1909-11-11T01:56:05.113Z",
    "nome": "Dewey Costa",
    "email": "dewey_costa@gmail.com",
    "telefone": "+55 (13) 5106-6752",
    "status": true
  },
  {
    "paciente_id": "30d8d165-fd1c-4e19-8e0d-e60622643819",
    "data_nascimento": "1947-03-13T05:00:40.377Z",
    "nome": "Anna Xavier",
    "email": "anna_xavier@gmail.com",
    "telefone": "+55 (86) 9412-0855",
    "status": true
  },
  {
    "paciente_id": "534becfb-a5f2-4191-9f7b-a813cc79b62b",
    "data_nascimento": "2010-03-16T06:17:07.153Z",
    "nome": "Roger Braga",
    "email": "roger_braga@gmail.com",
    "telefone": "+55 (02) 5917-8056",
    "status": true
  },
  {
    "paciente_id": "f5adac51-47ee-4488-95a1-ace63c2a2d02",
    "data_nascimento": "1974-07-20T02:31:49.662Z",
    "nome": "Sonya Carvalho",
    "email": "sonya_carvalho@gmail.com",
    "telefone": "+55 (43) 8913-0692",
    "status": true
  },
  {
    "paciente_id": "b3aa8132-07d5-41c8-b307-273f36826a84",
    "data_nascimento": "1909-02-09T17:51:27.598Z",
    "nome": "Sr. Antoinette Pereira",
    "email": "sr_antoinette pereira@gmail.com",
    "telefone": "+55 (83) 7213-8682",
    "status": true
  },
  {
    "paciente_id": "29d63c3d-3daf-488a-b1b9-84dae4234a69",
    "data_nascimento": "1907-10-18T08:59:59.143Z",
    "nome": "Delores Carvalho",
    "email": "delores_carvalho@gmail.com",
    "telefone": "+55 (27) 6618-8797",
    "status": true
  },
  {
    "paciente_id": "ecd7a61d-3dec-4cae-a551-8ce77cc0b542",
    "data_nascimento": "2007-06-15T09:15:43.229Z",
    "nome": "Dora Silva Jr.",
    "email": "dora_silva jr.@gmail.com",
    "telefone": "+55 (70) 8210-6357",
    "status": true
  },
  {
    "paciente_id": "92386427-2584-48e3-b01f-3d8b3d6d6507",
    "data_nascimento": "1972-04-12T22:17:53.548Z",
    "nome": "Wilson Albuquerque",
    "email": "wilson_albuquerque@gmail.com",
    "telefone": "+55 (66) 0673-8287",
    "status": true
  },
  {
    "paciente_id": "18df2c32-fd1c-4158-869d-2cd9d5351140",
    "data_nascimento": "1971-02-03T00:57:47.718Z",
    "nome": "Lois Braga",
    "email": "lois_braga@gmail.com",
    "telefone": "+55 (31) 8841-9174",
    "status": true
  },
  {
    "paciente_id": "638aa2db-f5aa-42e4-b5f0-a13b09072389",
    "data_nascimento": "2017-03-17T12:44:14.899Z",
    "nome": "Lionel Souza",
    "email": "lionel_souza@gmail.com",
    "telefone": "+55 (41) 8432-8381",
    "status": true
  },
  {
    "paciente_id": "9c7794ed-f18d-4f23-9a9d-51aca7518788",
    "data_nascimento": "1923-03-13T06:42:02.220Z",
    "nome": "Joseph Franco",
    "email": "joseph_franco@gmail.com",
    "telefone": "+55 (22) 0214-8006",
    "status": true
  },
  {
    "paciente_id": "086477cc-9133-4184-a7c2-415f8f9c0cb9",
    "data_nascimento": "1932-06-29T08:17:25.154Z",
    "nome": "Emma Pereira",
    "email": "emma_pereira@gmail.com",
    "telefone": "+55 (24) 3373-1397",
    "status": true
  },
  {
    "paciente_id": "3b3388f1-8075-4256-988e-5deeec8b62f7",
    "data_nascimento": "1995-04-06T18:19:49.740Z",
    "nome": "Bryan Silva Neto",
    "email": "bryan_silva neto@gmail.com",
    "telefone": "+55 (60) 9838-1569",
    "status": true
  },
  {
    "paciente_id": "cf332a85-458f-4ae6-82a6-242e674fd661",
    "data_nascimento": "1924-04-20T23:20:46.325Z",
    "nome": "Daryl Braga",
    "email": "daryl_braga@gmail.com",
    "telefone": "+55 (39) 5856-3500",
    "status": true
  },
  {
    "paciente_id": "47fa18ca-6807-4030-acfb-32b5b9bb0fd5",
    "data_nascimento": "1992-03-19T07:57:53.245Z",
    "nome": "Casey Franco",
    "email": "casey_franco@gmail.com",
    "telefone": "+55 (66) 2696-8142",
    "status": true
  },
  {
    "paciente_id": "70a35e72-61b1-41e4-95f0-1b9142e8386e",
    "data_nascimento": "1942-02-15T10:07:04.781Z",
    "nome": "Lewis Saraiva",
    "email": "lewis_saraiva@gmail.com",
    "telefone": "+55 (86) 2023-7083",
    "status": true
  },
  {
    "paciente_id": "9a2eaa81-18e6-4b5e-9b8d-cad617edb420",
    "data_nascimento": "1980-03-22T18:45:10.568Z",
    "nome": "Kathy Macedo",
    "email": "kathy_macedo@gmail.com",
    "telefone": "+55 (48) 8113-1173",
    "status": true
  },
  {
    "paciente_id": "897b91c9-7ab2-4195-abe3-5c496a17cad1",
    "data_nascimento": "2018-08-04T15:27:47.351Z",
    "nome": "Kelly Braga",
    "email": "kelly_braga@gmail.com",
    "telefone": "+55 (71) 1888-6014",
    "status": true
  },
  {
    "paciente_id": "17394a72-eedc-415c-95cb-d96d26c9d259",
    "data_nascimento": "2002-11-12T10:14:59.478Z",
    "nome": "Gina Santos",
    "email": "gina_santos@gmail.com",
    "telefone": "+55 (38) 9824-2651",
    "status": true
  },
  {
    "paciente_id": "deda1fcd-4a1c-462a-9cbf-057b71817664",
    "data_nascimento": "1954-12-19T22:10:29.618Z",
    "nome": "Tasha Batista",
    "email": "tasha_batista@gmail.com",
    "telefone": "+55 (88) 6983-6394",
    "status": true
  },
  {
    "paciente_id": "09ac0c79-5a8a-482e-bec7-86308c35d0da",
    "data_nascimento": "1943-10-02T22:58:51.066Z",
    "nome": "Joey Batista",
    "email": "joey_batista@gmail.com",
    "telefone": "+55 (73) 5248-5049",
    "status": true
  },
  {
    "paciente_id": "fa24ad51-5553-43c9-a6b3-0d3ee265deaa",
    "data_nascimento": "1987-09-18T09:54:44.449Z",
    "nome": "Naomi Silva",
    "email": "naomi_silva@gmail.com",
    "telefone": "+55 (51) 6199-7183",
    "status": true
  },
  {
    "paciente_id": "75ceb3e5-90a0-45c1-beff-b28f5f699a4a",
    "data_nascimento": "1929-04-25T13:29:36.885Z",
    "nome": "Sra. Allan Franco",
    "email": "sra_allan franco@gmail.com",
    "telefone": "+55 (45) 6959-5186",
    "status": true
  },
  {
    "paciente_id": "e0c50ca6-1bd9-4062-bde3-4225415a425a",
    "data_nascimento": "2015-05-29T03:51:05.368Z",
    "nome": "Shari Costa",
    "email": "shari_costa@gmail.com",
    "telefone": "+55 (31) 2020-2459",
    "status": true
  },
  {
    "paciente_id": "95841bba-be77-4161-830a-a06885cd2ca4",
    "data_nascimento": "1957-09-11T23:36:30.874Z",
    "nome": "Ricky Souza",
    "email": "ricky_souza@gmail.com",
    "telefone": "+55 (11) 2191-9762",
    "status": true
  },
  {
    "paciente_id": "246265d4-b5a4-40fd-ae47-07ba66e23dc2",
    "data_nascimento": "2009-12-15T20:59:07.580Z",
    "nome": "Marta Moreira",
    "email": "marta_moreira@gmail.com",
    "telefone": "+55 (04) 0014-8716",
    "status": true
  },
  {
    "paciente_id": "c6de9fb4-6121-403a-abbe-385672ea03ab",
    "data_nascimento": "1921-12-25T16:00:35.608Z",
    "nome": "Sophie Silva",
    "email": "sophie_silva@gmail.com",
    "telefone": "+55 (38) 3113-8393",
    "status": true
  },
  {
    "paciente_id": "23bcae1a-7aa9-4c13-81e9-fe631d6bc1d9",
    "data_nascimento": "1921-08-06T06:34:27.007Z",
    "nome": "Gordon Nogueira",
    "email": "gordon_nogueira@gmail.com",
    "telefone": "+55 (44) 3572-2715",
    "status": true
  },
  {
    "paciente_id": "4bf3060d-caf2-45a6-a548-c35040b08630",
    "data_nascimento": "2003-08-04T09:55:02.076Z",
    "nome": "Elmer Franco",
    "email": "elmer_franco@gmail.com",
    "telefone": "+55 (73) 6298-5328",
    "status": true
  },
  {
    "paciente_id": "08c5b27e-29ac-474e-9573-ca471b4d2b4e",
    "data_nascimento": "1928-12-28T14:48:17.818Z",
    "nome": "Nathan Barros",
    "email": "nathan_barros@gmail.com",
    "telefone": "+55 (85) 8049-8368",
    "status": true
  },
  {
    "paciente_id": "25d3c290-6abf-4bcd-81a2-ed1bb8fb2e84",
    "data_nascimento": "1903-07-06T08:21:01.924Z",
    "nome": "Dixie Moraes",
    "email": "dixie_moraes@gmail.com",
    "telefone": "+55 (56) 7687-9443",
    "status": true
  },
  {
    "paciente_id": "faeb762e-275d-48ff-b84c-a40fe3d8be97",
    "data_nascimento": "1938-04-11T23:47:07.183Z",
    "nome": "Andrea Costa",
    "email": "andrea_costa@gmail.com",
    "telefone": "+55 (98) 9055-5234",
    "status": true
  },
  {
    "paciente_id": "2608ff7d-d986-4d54-ac28-16a2a86426bd",
    "data_nascimento": "1914-04-14T06:54:58.866Z",
    "nome": "Sra. Josefina Macedo",
    "email": "sra_josefina macedo@gmail.com",
    "telefone": "+55 (69) 3116-0361",
    "status": true
  },
  {
    "paciente_id": "90cceddd-3df5-4e0c-a6a8-7953a686581a",
    "data_nascimento": "2012-10-28T06:14:04.752Z",
    "nome": "David Santos Jr.",
    "email": "david_santos jr.@gmail.com",
    "telefone": "+55 (66) 6302-2966",
    "status": true
  },
  {
    "paciente_id": "84207d34-48d2-4a8d-b721-57e0413a8399",
    "data_nascimento": "2006-05-22T17:24:38.691Z",
    "nome": "Delbert Xavier",
    "email": "delbert_xavier@gmail.com",
    "telefone": "+55 (41) 4712-2118",
    "status": true
  },
  {
    "paciente_id": "36ce53c8-b6a8-49b6-9dec-426c080c21e3",
    "data_nascimento": "1975-05-22T14:02:05.149Z",
    "nome": "Jeffrey Braga",
    "email": "jeffrey_braga@gmail.com",
    "telefone": "+55 (96) 6985-3910",
    "status": true
  },
  {
    "paciente_id": "481bf9b3-d533-4f2e-8b63-c6700a4ac6ae",
    "data_nascimento": "2014-02-05T00:57:22.985Z",
    "nome": "Lionel Moreira",
    "email": "lionel_moreira@gmail.com",
    "telefone": "+55 (82) 2049-9425",
    "status": true
  },
  {
    "paciente_id": "d4dccae3-5824-4e7d-8acc-edb681f432f2",
    "data_nascimento": "1944-06-07T03:18:07.916Z",
    "nome": "Lana Moreira Jr.",
    "email": "lana_moreira jr.@gmail.com",
    "telefone": "+55 (93) 1708-4037",
    "status": true
  },
  {
    "paciente_id": "81df4c38-548f-4a0a-bad2-9bad7b7b846c",
    "data_nascimento": "1904-03-02T12:39:10.759Z",
    "nome": "Jeannie Xavier",
    "email": "jeannie_xavier@gmail.com",
    "telefone": "+55 (02) 1973-4184",
    "status": true
  },
  {
    "paciente_id": "5edde823-a08c-4a10-aee0-296ce4f65912",
    "data_nascimento": "2017-06-13T08:19:14.123Z",
    "nome": "Moses Xavier Filho",
    "email": "moses_xavier filho@gmail.com",
    "telefone": "+55 (62) 1050-8862",
    "status": true
  },
  {
    "paciente_id": "f588ceee-2730-498a-a604-9ebc108e90fa",
    "data_nascimento": "1970-06-02T22:09:30.113Z",
    "nome": "Sra. Antonio Carvalho",
    "email": "sra_antonio carvalho@gmail.com",
    "telefone": "+55 (43) 3693-9274",
    "status": true
  },
  {
    "paciente_id": "7dc67d8b-77b1-4e8d-9c3b-87c0424a5266",
    "data_nascimento": "1966-09-27T16:22:35.466Z",
    "nome": "Theodore Silva",
    "email": "theodore_silva@gmail.com",
    "telefone": "+55 (71) 3868-2599",
    "status": true
  },
  {
    "paciente_id": "391885d6-865d-44ca-b966-873ba4346a4f",
    "data_nascimento": "1937-05-20T17:05:35.693Z",
    "nome": "Lamar Braga Jr.",
    "email": "lamar_braga jr.@gmail.com",
    "telefone": "+55 (41) 3903-7394",
    "status": true
  },
  {
    "paciente_id": "deb2823d-5b6b-4b69-ab0d-815f811ef0b5",
    "data_nascimento": "1947-09-27T00:20:54.773Z",
    "nome": "Nicole Carvalho",
    "email": "nicole_carvalho@gmail.com",
    "telefone": "+55 (06) 2953-8678",
    "status": true
  },
  {
    "paciente_id": "6c91619d-81e8-47b8-b71b-247b515d73fb",
    "data_nascimento": "1964-02-24T01:55:36.536Z",
    "nome": "Dianna Nogueira",
    "email": "dianna_nogueira@gmail.com",
    "telefone": "+55 (54) 2955-8348",
    "status": true
  },
  {
    "paciente_id": "623170a1-4bd0-4dc1-b5fa-529f49f4880f",
    "data_nascimento": "1979-11-18T08:52:40.465Z",
    "nome": "Kristine Macedo",
    "email": "kristine_macedo@gmail.com",
    "telefone": "+55 (14) 7337-8903",
    "status": true
  },
  {
    "paciente_id": "336d2b5c-3fa0-4d4e-9827-62c4180584f8",
    "data_nascimento": "1984-10-19T16:35:46.836Z",
    "nome": "Christy Braga",
    "email": "christy_braga@gmail.com",
    "telefone": "+55 (00) 2897-4560",
    "status": true
  },
  {
    "paciente_id": "6cd40456-135e-48a1-b4cc-3d946aa18ba2",
    "data_nascimento": "1999-06-13T10:54:20.638Z",
    "nome": "Sr. Darren Costa",
    "email": "sr_darren costa@gmail.com",
    "telefone": "+55 (33) 8134-6250",
    "status": true
  },
  {
    "paciente_id": "a9ace3d5-a28a-4272-ad9c-0a5154d8fd2d",
    "data_nascimento": "1927-05-08T04:01:01.550Z",
    "nome": "Greg Saraiva",
    "email": "greg_saraiva@gmail.com",
    "telefone": "+55 (57) 0556-1492",
    "status": true
  },
  {
    "paciente_id": "45fe2399-602a-4418-a493-9fce9125639f",
    "data_nascimento": "1922-09-16T05:41:31.744Z",
    "nome": "Beverly Costa",
    "email": "beverly_costa@gmail.com",
    "telefone": "+55 (73) 6106-2240",
    "status": true
  },
  {
    "paciente_id": "5519eba9-50df-4a22-8286-55e280fb37ad",
    "data_nascimento": "1953-04-26T04:56:49.747Z",
    "nome": "Marcos Costa Filho",
    "email": "marcos_costa filho@gmail.com",
    "telefone": "+55 (90) 3226-3412",
    "status": true
  },
  {
    "paciente_id": "bbf259da-b309-4e5f-841a-e01a818eb311",
    "data_nascimento": "1931-09-29T04:03:00.180Z",
    "nome": "Paulette Reis",
    "email": "paulette_reis@gmail.com",
    "telefone": "+55 (93) 5561-1634",
    "status": true
  },
  {
    "paciente_id": "a6581928-22de-4dd2-8a1c-844ccebd0c4d",
    "data_nascimento": "1976-10-01T09:39:02.280Z",
    "nome": "Henry Carvalho",
    "email": "henry_carvalho@gmail.com",
    "telefone": "+55 (62) 2205-2271",
    "status": true
  },
  {
    "paciente_id": "26e20dcd-2bfb-43f6-99e8-081cd0df2b57",
    "data_nascimento": "1956-08-10T08:44:58.580Z",
    "nome": "Estelle Saraiva",
    "email": "estelle_saraiva@gmail.com",
    "telefone": "+55 (00) 8845-4057",
    "status": true
  }
]